Model                        , Quantization, Params (B), Number of Trials, Success Times, Success Rate, Steps mean, Total Tokens mean, Inference Time (s) mean, Tokens / Sec mean , Achieved TFLOPS mean, Weights Size (GB) mean, Avg Power (W) mean, Peak Power (W) mean, Total Energy (J) mean, Avg VRAM (GB) mean, Peak VRAM (GB) mean, Avg GPU Util (%) mean
Qwen2.5-14B-Instruct_INT4_AWQ, INT4        ,       14.0,               10,             7,          0.7,        3.8,             363.9,      2.6351393461227417, 138.00227901201012,   3.8640638123362834,     9.294758319854736 , 429.5368152062313 ,  449.0699000000001 ,   1142.842895847688  , 27.731274155698838,  27.732080078125   ,     95.65795561881347
Qwen2.5-3B-Instruct_INT4_AWQ , INT4        ,        3.0,               10,             3,          0.3,        3.2,             433.1,      1.4223118066787719, 304.67531905005825,   1.8280519143003495,     1.9225988537073135, 279.5927501566931 ,  291.67539999999997,    403.56396573700897, 27.7243565851494  ,  27.724755859375   ,     94.94546703296703
Qwen2.5-7B-Instruct_INT4_AWQ , INT4        ,        7.0,               10,             0,          0.0,        0.4,             321.6,      1.307768177986145 , 245.9370254950486 ,   3.4431183569306802,     5.188239678740501 , 397.57552529115554,  414.84130000000005,    515.9930666060187 , 27.57180747360145 ,  27.572137451171876,     91.05041816009557
