Model,Quantization,Params (B),Weights Size (GB),Trial,Success,Steps,Total Tokens,Inference Time (s),Tokens / Sec,Achieved TFLOPS,Avg Power (W),Peak Power (W),Total Energy (J),Avg VRAM (GB),Peak VRAM (GB),Avg GPU Util (%)
Qwen2.5-14B-Instruct_INT4_AWQ,INT4,14.0,9.294758319854736,5.285714285714286,1.0,4.714285714285714,353.0,2.5620383535112654,137.70952346595143,3.85586665704664,444.1991714126285,449.3272857142857,1139.0550362848921,27.732226341438718,27.733319963727677,99.51136516973354
Qwen2.5-3B-Instruct_INT4_AWQ,INT4,3.0,1.9225988537073135,6.333333333333333,1.0,5.0,406.0,1.3403956890106201,302.95571142650664,1.8177342685590396,293.06509666666665,294.714,393.3210381826472,27.724968973795573,27.725016276041668,95.04166666666667
