Model,Quantization,Params (B),Weights Size (GB),Trial,Success,Steps,Total Tokens,Inference Time (s),Tokens / Sec,Achieved TFLOPS,Avg Power (W),Peak Power (W),Total Energy (J),Avg VRAM (GB),Peak VRAM (GB),Avg GPU Util (%)
Qwen2.5-14B-Instruct_INT4_AWQ,INT4,14.0,9.294758319854736,6.0,0.0,1.6666666666666667,389.3333333333333,2.805708328882853,138.68537528614706,3.883190508012117,395.32465072463765,448.4693333333333,1151.6812348275446,27.72905238897246,27.72918701171875,86.66666666666667
Qwen2.5-3B-Instruct_INT4_AWQ,INT4,3.0,1.9225988537073135,5.142857142857143,0.0,2.4285714285714284,444.7142857142857,1.457418714250837,305.41229374586607,1.8324737624751966,273.81888736670453,290.37314285714285,407.95379183173543,27.724094132872466,27.724644252232142,94.90423861852433
Qwen2.5-7B-Instruct_INT4_AWQ,INT4,7.0,5.188239678740501,5.5,0.0,0.4,321.6,1.307768177986145,245.9370254950486,3.4431183569306802,397.57552529115554,414.84130000000005,515.9930666060187,27.57180747360145,27.572137451171876,91.05041816009557
