Model                        , Quantization, Params (B), Number of Trials, Success Times, Success Rate, Steps mean, Total Tokens mean, Inference Time (s) mean, Tokens / Sec mean , Achieved TFLOPS mean, Weights Size (GB) mean, Avg Power (W) mean, Peak Power (W) mean, Total Energy (J) mean, Avg VRAM (GB) mean, Peak VRAM (GB) mean, Avg GPU Util (%) mean
Qwen2.5-14B-Instruct_INT4_AWQ, INT4        ,       14.0,               10,             0,          0.0,        2.0,             198.1,      1.4327574253082276, 138.26419329988911,   3.871397412396896 ,     9.294758319854736 , 423.8725697947455 ,            444.684 ,     607.407753316455 , 27.586882062639507,   27.58736572265625,     92.3850328407225
Qwen2.5-3B-Instruct_INT4_AWQ , INT4        ,        3.0,               10,             8,          0.8,        7.8,             404.1,      1.3497001886367799, 299.4180056284724 ,   1.7965080337708343,     1.9225988537073135, 291.7989404441122 ,            305.1284,     390.2896667188263, 27.71950104007191 ,   27.720068359375  ,     93.96015069097044
Qwen2.5-7B-Instruct_INT4_AWQ , INT4        ,        7.0,               10,             0,          0.0,        9.6,             350.0,      1.4628021001815796, 239.39332079394498,   3.35150649111523  ,     5.188239678740501 , 408.62425712954337,            429.872 ,     592.6449356844854, 27.559121371337664,   27.56240234375   ,     94.35219012115564
