Model,Quantization,Params (B),Weights Size (GB),Trial,Success,Steps,Total Tokens,Inference Time (s),Tokens / Sec,Achieved TFLOPS,Avg Power (W),Peak Power (W),Total Energy (J),Avg VRAM (GB),Peak VRAM (GB),Avg GPU Util (%)
Qwen2.5-14B-Instruct_INT4_AWQ,INT4,14.0,9.294758319854736,5.5,0.0,2.0,198.1,1.4327574253082276,138.26419329988911,3.871397412396896,423.8725697947455,444.684,607.407753316455,27.586882062639507,27.58736572265625,92.3850328407225
Qwen2.5-3B-Instruct_INT4_AWQ,INT4,3.0,1.9225988537073135,3.0,0.0,10.0,492.0,1.6569255590438843,296.96636346960094,1.7817981808176055,248.85407130124776,305.0095,411.78757528301566,27.71769983628217,27.7181396484375,79.7192513368984
Qwen2.5-7B-Instruct_INT4_AWQ,INT4,7.0,5.188239678740501,5.5,0.0,9.6,350.0,1.4628021001815796,239.39332079394498,3.35150649111523,408.62425712954337,429.872,592.6449356844854,27.559121371337664,27.56240234375,94.35219012115564
