Model,Quantization,Params (B),Weights Size (GB),Trial,Success,Steps,Total Tokens,Inference Time (s),Tokens / Sec,Achieved TFLOPS,Avg Power (W),Peak Power (W),Total Energy (J),Avg VRAM (GB),Peak VRAM (GB),Avg GPU Util (%)
Qwen2.5-3B-Instruct_INT4_AWQ,INT4,3.0,1.9225988537073135,6.125,1.0,7.25,382.125,1.2728938460350037,300.03091616819023,1.8001854970091413,302.53515772982826,305.158125,384.91518957777896,27.71995134101935,27.720550537109375,97.52037552948843
