Model,Quantization,Params (B),Number of Trials,Success Times,Success Rate,Steps mean,Total Tokens mean,Inference Time (s) mean,Tokens / Sec mean,Achieved TFLOPS mean,Weights Size (GB) mean,Avg Power (W) mean,Peak Power (W) mean,Total Energy (J) mean,Avg VRAM (GB) mean,Peak VRAM (GB) mean,Avg GPU Util (%) mean
Qwen2.5-14B-Instruct_INT4_AWQ,INT4,14.0,10,0,0.0,1.9,352.6,2.5416199445724486,138.69092942018784,3.8833460237652604,9.294758319854736,437.2260913747764,453.1806,1110.3569807271783,27.589073985889264,27.591021728515624,98.09419152276294
Qwen2.5-3B-Instruct_INT4_AWQ,INT4,3.0,10,0,0.0,0.0,216.2,0.705274510383606,306.64135738578506,1.8398481443147106,1.9225988537073135,279.12643142857144,292.87530000000004,196.2518454040851,27.57769775390625,27.57769775390625,90.35428571428572
Qwen2.5-7B-Instruct_INT4_AWQ,INT4,7.0,10,0,0.0,6.0,514.1,2.1112271547317505,243.66779882824008,3.411349183595361,5.188239678740501,421.55851997469745,435.8996,883.8434674844353,27.422886518016718,27.42330322265625,97.06549358856805
